ID,Job Involvement,Total Working Years,Over Time,Performance Rating,Years At Company,Years In Current Role,Years Since Last Promotion,Percentage Salary Hike,Years with Current Manager,Training Times Last Year
1,3,8,Yes,3,6,4,0,11,5,0
2,2,10,No,4,10,7,1,23,7,3
4,2,7,Yes,3,0,0,0,15,0,3
5,3,8,Yes,3,8,7,3,11,0,3
7,3,6,No,3,2,2,2,12,2,3
8,3,8,No,3,7,7,3,13,6,2
10,4,12,Yes,4,1,0,0,20,0,3
11,3,1,No,4,1,0,0,22,0,2
12,2,10,No,4,9,7,1,21,8,2
13,3,17,No,3,7,7,7,13,7,3
14,4,6,No,3,5,4,0,13,3,5
15,2,10,Yes,3,9,5,0,12,8,3
16,3,5,No,3,5,2,4,17,3,1
18,3,3,No,3,2,2,1,11,2,2
19,2,6,Yes,3,4,2,0,14,3,4
20,4,10,No,3,10,9,8,11,8,1
21,4,7,Yes,3,6,2,0,12,5,5
22,4,1,Yes,3,1,0,0,13,0,2
23,2,31,No,3,25,8,3,16,7,3
24,3,6,Yes,3,3,2,1,11,2,3
26,4,5,No,3,4,2,1,18,3,5
27,2,10,No,4,5,3,0,23,3,4
28,3,13,No,3,12,6,2,11,11,4
30,3,0,No,3,0,0,0,14,0,6
31,3,8,No,3,4,2,1,11,3,2
32,3,26,No,3,14,13,4,11,8,3
33,1,10,Yes,4,10,2,6,22,7,5
35,3,10,No,3,9,7,4,11,2,2
36,2,24,No,3,22,6,5,14,17,4
38,3,22,No,3,2,2,2,12,1,2
39,3,7,No,3,1,1,0,11,0,3
40,3,9,Yes,3,4,2,1,13,3,5
41,2,10,No,3,10,0,1,13,8,5
42,3,19,No,3,1,0,0,14,0,6
45,3,6,Yes,3,2,0,2,16,0,2
46,4,6,No,3,5,3,1,12,4,3
47,2,3,Yes,3,3,2,0,14,2,2
49,3,2,No,3,2,2,2,13,2,3
51,2,6,Yes,3,1,1,0,14,0,3
52,4,10,No,3,5,3,1,19,3,3
53,3,1,No,3,1,0,0,12,0,3
54,3,1,No,3,1,0,0,13,0,6
55,1,1,No,3,1,0,0,12,1,2
56,3,9,No,3,9,8,1,15,7,0
57,3,12,No,4,12,8,3,23,7,2
58,3,23,No,3,22,15,15,12,8,0
60,3,10,No,4,9,5,8,20,7,2
61,3,8,No,4,1,0,0,21,0,1
62,3,14,Yes,4,9,6,0,21,8,4
63,4,1,No,3,1,0,0,19,1,2
64,2,23,Yes,3,1,0,0,13,0,2
65,3,2,Yes,3,2,2,2,13,2,3
68,3,9,Yes,4,4,3,1,21,3,2
70,2,10,Yes,3,4,0,2,13,3,3
72,2,5,Yes,3,2,2,0,19,0,2
73,3,15,Yes,3,15,14,8,12,12,1
74,3,9,No,4,9,8,1,22,8,3
75,3,4,Yes,3,2,2,2,15,2,3
76,3,10,No,4,7,7,1,22,7,3
77,2,7,No,3,7,5,0,18,7,2
78,3,9,Yes,4,9,8,7,22,8,3
79,3,10,No,3,10,3,9,11,9,2
80,2,29,Yes,3,27,3,13,12,8,2
81,3,28,No,3,21,16,7,11,9,3
83,3,17,No,3,17,14,12,13,8,2
84,3,21,Yes,3,5,0,0,14,2,2
85,2,6,No,3,6,5,0,13,3,3
86,3,25,No,3,1,0,0,17,0,2
88,3,5,No,3,3,2,1,13,2,2
90,2,2,Yes,3,1,0,0,17,0,0
91,2,20,No,3,4,3,1,11,3,2
94,3,6,No,4,5,4,0,23,4,3
95,3,1,No,3,1,1,1,17,0,4
96,3,10,No,3,10,4,0,17,9,3
97,4,5,No,3,1,0,0,12,0,3
98,3,11,No,4,11,7,1,23,8,2
100,2,16,No,3,15,13,2,14,8,2
101,3,17,Yes,3,0,0,0,14,0,3
102,3,16,No,3,5,2,0,13,2,3
103,3,16,Yes,4,4,2,0,22,2,2
104,2,10,Yes,3,10,8,3,12,0,1
105,2,6,No,3,6,4,0,18,4,3
106,3,24,No,3,1,0,1,14,0,4
107,1,17,Yes,3,13,11,1,12,9,3
110,3,5,No,3,5,2,1,15,3,2
112,1,37,No,3,6,4,0,11,2,3
113,3,3,No,3,0,0,0,13,0,3
116,3,10,No,4,4,2,0,23,3,4
117,2,11,No,3,11,10,10,19,8,3
118,2,9,No,3,9,8,4,16,7,3
119,2,22,No,4,22,3,11,22,11,3
120,3,11,Yes,4,10,7,1,22,0,2
121,2,11,Yes,3,11,8,2,12,7,4
124,2,21,Yes,3,10,9,9,13,5,5
125,3,12,No,3,11,8,5,16,7,0
126,3,16,No,3,4,3,0,12,3,5
128,3,4,No,4,3,2,0,21,2,2
129,3,5,No,3,5,4,0,15,4,3
131,3,38,No,3,37,10,1,13,8,1
132,3,17,No,3,3,2,1,12,2,3
133,3,7,Yes,4,3,2,0,22,2,3
134,3,1,No,3,1,0,0,13,0,2
137,2,1,Yes,3,1,0,1,18,0,5
138,3,16,No,3,16,13,2,14,10,3
139,2,17,No,3,1,0,0,14,0,2
140,2,30,No,4,3,2,2,21,2,3
141,3,28,Yes,3,8,3,0,19,7,1
142,2,6,Yes,3,6,4,0,11,3,1
143,2,2,No,3,2,2,2,11,1,2
144,3,1,No,3,0,0,0,15,0,5
145,2,23,No,4,13,12,12,20,8,1
147,1,9,Yes,4,9,7,0,24,6,3
148,4,23,Yes,3,5,3,4,12,4,3
150,3,6,No,3,5,3,1,12,2,2
151,2,12,No,3,1,0,0,15,0,3
152,3,12,No,3,5,3,1,12,3,3
153,2,14,No,3,11,10,5,12,8,6
154,3,10,No,3,9,7,2,14,8,6
155,3,7,No,4,1,0,0,22,0,2
158,3,25,Yes,3,25,12,4,12,12,3
159,1,10,No,4,10,7,0,25,9,2
160,3,8,No,3,7,7,0,13,7,2
161,3,7,Yes,3,5,4,4,18,3,2
162,3,23,No,3,20,18,15,13,15,5
163,1,12,Yes,3,7,7,7,18,7,3
164,2,5,No,3,5,4,4,19,3,3
165,3,40,No,3,40,10,15,12,6,3
167,3,0,Yes,3,0,0,0,19,0,2
169,3,3,No,3,2,1,2,14,1,2
170,3,16,No,3,15,11,5,14,11,2
171,4,18,No,3,3,2,1,12,2,2
174,3,16,No,3,2,2,2,11,1,3
175,1,4,Yes,3,2,2,2,11,2,2
176,3,12,Yes,3,9,7,0,13,7,2
177,3,8,No,4,8,7,5,23,7,3
178,3,7,No,4,3,2,0,20,1,0
179,1,18,No,3,4,2,0,15,3,2
182,2,17,No,3,15,11,5,14,9,1
183,2,6,No,3,2,2,2,18,2,3
184,3,12,Yes,3,11,9,4,19,7,2
190,3,10,No,4,5,4,0,22,4,2
192,3,9,No,3,6,5,0,13,3,2
193,3,19,Yes,4,3,2,2,20,2,2
194,3,5,No,3,5,4,0,14,4,4
195,1,9,No,3,8,7,0,17,7,2
197,3,8,No,3,3,2,2,14,2,3
198,2,6,No,3,5,3,1,13,2,3
199,2,21,No,3,7,6,7,13,7,2
200,3,7,No,4,5,0,1,21,4,2
201,3,1,No,3,1,0,0,14,0,3
202,3,20,No,3,20,7,2,11,13,2
204,3,10,No,3,10,8,0,13,6,3
205,3,13,Yes,4,7,7,4,20,5,3
206,3,20,No,3,17,9,0,18,15,2
207,3,9,No,3,9,8,3,14,7,2
208,3,10,No,3,10,7,0,13,9,1
211,2,10,No,3,1,0,0,17,0,2
214,2,9,Yes,4,1,0,0,20,0,3
215,2,15,No,3,12,11,2,11,11,2
216,3,6,No,3,4,3,1,18,2,3
217,3,2,No,4,2,2,2,24,2,6
218,3,6,No,3,2,2,2,18,2,1
221,3,5,No,3,5,2,0,11,2,2
223,4,12,Yes,3,5,3,1,16,4,2
224,2,1,Yes,3,1,1,0,15,1,2
226,3,21,No,3,5,4,4,15,4,5
227,3,13,No,3,9,8,1,12,8,2
228,3,12,No,3,10,9,7,12,4,2
230,2,12,No,4,8,3,0,22,7,2
231,3,8,No,4,5,4,1,20,4,2
233,3,6,Yes,3,5,2,1,16,1,3
235,1,1,No,4,0,0,0,21,0,5
238,3,13,No,3,8,7,7,12,2,3
239,3,12,No,3,12,9,6,11,10,4
240,3,9,Yes,3,5,4,0,11,3,3
241,3,19,Yes,3,2,2,2,18,2,3
242,3,4,No,3,3,1,0,14,2,2
243,2,1,No,4,1,0,1,22,0,3
244,3,24,No,4,24,13,15,25,7,2
245,3,2,No,3,2,2,2,12,1,3
246,3,7,Yes,4,4,2,0,23,2,0
247,3,9,No,3,3,2,1,15,2,3
248,3,4,Yes,4,4,3,0,22,2,5
249,2,5,No,3,3,2,0,15,2,2
250,4,5,No,3,4,2,1,11,3,3
252,3,8,No,3,8,7,1,13,6,5
253,3,21,No,3,20,8,9,14,9,2
254,4,36,No,3,24,15,2,11,15,3
256,2,10,No,3,10,9,1,17,9,2
258,3,21,No,3,7,7,1,18,0,6
259,2,34,No,3,33,18,11,14,9,5
260,3,7,No,3,7,7,0,16,3,2
261,2,8,Yes,3,1,0,0,13,1,1
262,4,7,No,3,5,4,2,14,2,3
264,2,22,No,4,20,8,11,23,8,1
267,4,8,Yes,3,8,7,1,12,7,3
269,3,10,No,3,6,2,1,11,2,5
270,3,11,No,3,5,3,0,16,2,5
271,3,14,No,3,1,0,0,14,0,3
273,3,9,No,3,7,7,1,18,7,3
274,2,6,No,3,2,2,2,19,0,1
275,3,7,Yes,3,7,7,1,15,7,0
277,3,5,Yes,3,5,3,2,17,0,4
281,3,15,Yes,3,7,2,3,15,7,2
282,3,17,Yes,3,1,0,0,19,0,2
283,3,10,No,4,10,4,1,22,9,3
284,4,4,Yes,3,4,2,2,16,2,2
286,3,8,No,3,8,1,1,13,7,2
287,2,5,No,3,3,2,0,14,2,5
288,3,17,No,3,4,2,0,16,3,3
291,1,14,No,3,14,8,9,11,8,2
292,2,12,No,4,11,8,5,22,8,2
293,3,7,No,3,7,7,0,14,7,2
296,2,16,No,3,10,9,4,16,7,5
297,3,8,Yes,3,5,2,0,11,4,5
298,3,16,Yes,3,1,0,0,18,0,3
299,2,9,No,3,6,3,0,15,1,5
300,3,7,No,3,6,2,1,14,5,1
302,2,23,No,3,19,7,12,12,8,2
303,3,16,No,3,6,2,0,14,5,4
304,3,16,No,3,13,11,3,16,7,3
305,2,7,No,4,3,2,1,21,1,3
306,3,10,Yes,3,10,8,0,14,7,1
307,3,17,No,3,16,10,5,12,13,6
308,1,6,No,3,5,4,1,12,4,2
309,2,7,No,3,1,0,0,17,0,6
311,3,13,No,3,9,8,5,17,8,2
312,3,11,No,3,11,10,4,14,1,5
314,3,10,No,3,10,7,0,14,8,3
315,2,4,Yes,3,4,3,0,13,1,3
316,2,6,No,3,2,2,2,15,2,3
319,3,22,No,3,22,17,11,11,15,3
321,3,7,No,3,2,2,2,17,2,2
323,3,32,No,3,7,0,0,11,6,3
325,3,8,Yes,3,5,4,0,13,4,2
327,3,22,Yes,4,17,13,1,22,9,3
328,3,13,No,4,9,7,1,20,7,3
329,2,33,Yes,3,33,7,15,18,12,2
330,3,6,No,3,4,3,1,11,2,5
331,2,4,Yes,3,3,2,1,14,2,2
332,3,7,No,3,3,2,1,14,2,1
333,3,4,No,3,3,2,2,18,2,2
334,3,17,No,3,1,0,0,16,0,2
335,3,9,No,3,9,8,4,17,7,3
336,4,25,No,3,24,0,1,11,7,2
337,3,9,No,3,2,2,2,12,2,3
338,2,2,No,3,2,2,0,13,2,2
339,2,13,No,3,11,9,5,13,9,3
340,2,17,No,3,3,1,0,14,2,2
341,4,9,No,3,3,2,0,17,2,1
342,3,17,No,3,1,0,0,11,0,5
343,3,20,No,4,19,6,11,25,8,1
346,3,6,No,3,6,5,1,19,5,1
347,4,10,Yes,3,3,2,0,13,2,1
349,3,10,No,3,3,2,0,14,2,2
350,3,5,No,3,4,2,1,12,2,3
351,2,10,Yes,3,9,6,7,11,8,4
352,3,22,No,3,21,7,3,19,9,5
353,3,1,No,3,1,0,0,11,0,0
355,2,6,No,3,5,4,1,11,4,2
359,4,5,No,4,5,1,0,20,3,3
361,2,13,No,3,8,7,7,18,5,0
362,2,9,No,3,6,2,0,13,4,5
363,1,28,Yes,3,7,7,7,12,7,2
364,3,5,No,3,0,0,0,11,0,5
366,2,10,No,3,0,0,0,19,0,2
367,2,10,No,4,9,0,7,21,8,2
369,4,6,No,3,6,3,1,12,5,2
372,3,21,Yes,3,20,7,4,14,10,2
373,3,16,No,3,15,13,10,11,11,4
374,3,37,Yes,3,36,10,4,14,13,2
376,3,10,Yes,3,10,7,9,12,9,2
377,3,5,No,4,5,2,0,23,4,3
378,3,7,No,3,5,4,0,14,1,5
379,2,3,No,3,3,2,1,17,0,4
380,3,15,Yes,3,5,2,0,18,2,2
381,4,10,No,3,7,7,6,18,2,6
382,4,8,Yes,4,8,0,7,24,7,3
384,3,6,No,4,6,5,1,20,4,6
385,3,28,No,3,10,4,1,14,6,4
386,3,21,Yes,3,5,3,1,16,3,5
387,3,20,No,4,20,16,11,25,6,3
388,3,10,No,3,10,7,0,18,9,3
389,3,12,Yes,3,10,7,0,19,8,4
390,3,5,Yes,3,5,3,3,13,3,3
391,3,17,No,3,17,12,5,12,7,3
392,3,19,Yes,4,1,0,0,22,0,0
393,3,10,No,3,2,2,1,14,2,2
394,3,5,Yes,3,3,2,0,13,2,2
395,3,5,No,4,5,3,0,21,2,3
396,3,22,Yes,3,3,2,1,11,2,4
397,3,10,No,3,8,0,7,12,7,2
399,3,2,No,3,2,2,2,11,2,5
401,2,8,Yes,3,8,7,7,12,4,0
403,3,4,Yes,3,4,2,1,12,2,3
404,3,23,No,3,20,4,4,14,8,2
405,3,0,No,3,0,0,0,13,0,2
406,3,12,No,3,11,9,6,15,9,3
407,4,4,No,3,1,0,0,18,0,2
408,1,13,No,3,4,1,1,18,2,3
410,3,22,No,3,22,10,0,19,4,2
411,2,0,No,3,0,0,0,12,0,2
412,4,9,No,3,8,3,0,19,7,2
416,4,10,No,3,8,7,7,11,7,3
417,4,19,No,3,18,10,3,17,7,5
419,3,11,No,3,9,8,0,15,8,3
420,2,13,No,3,13,8,4,14,8,3
421,2,19,No,3,10,8,0,17,1,2
422,1,12,Yes,3,5,3,1,13,2,2
423,3,6,Yes,3,5,2,0,12,3,4
424,2,9,No,3,2,2,1,12,0,1
425,3,24,No,3,24,9,9,18,11,2
426,3,3,Yes,3,2,2,2,18,2,2
428,3,12,No,3,10,6,8,11,8,2
429,3,21,Yes,3,21,9,11,14,10,3
430,3,9,No,3,8,7,1,19,7,5
431,2,25,Yes,3,7,1,0,12,7,2
433,2,11,No,3,8,2,7,15,7,3
434,3,4,Yes,3,4,3,1,12,2,2
436,2,13,Yes,3,13,12,11,11,9,2
437,3,5,Yes,3,5,4,0,11,4,3
438,3,13,No,3,7,7,1,12,7,3
439,4,10,No,3,7,7,0,16,7,0
440,1,5,Yes,3,3,2,2,13,2,4
441,3,11,No,3,10,8,1,13,9,2
442,2,10,No,4,10,9,8,24,9,2
444,2,21,No,3,21,9,13,15,3,2
445,3,12,Yes,3,1,0,0,18,0,3
446,2,9,No,3,7,7,0,14,1,6
447,3,21,No,3,3,2,1,11,1,2
448,2,9,No,3,9,7,0,11,0,3
449,3,6,Yes,3,5,4,1,13,4,0
450,3,20,No,3,4,3,0,12,3,4
451,3,10,No,3,1,0,0,16,0,1
452,3,12,No,3,10,9,9,14,8,3
453,1,6,Yes,4,4,3,0,22,2,2
454,1,7,Yes,3,7,7,0,11,7,4
455,2,4,No,3,3,2,2,17,2,2
456,2,10,No,3,10,9,1,13,2,2
458,3,8,No,3,8,7,0,18,7,3
460,3,8,No,3,6,2,0,16,4,2
461,2,12,Yes,3,11,10,2,14,9,3
462,3,11,Yes,3,11,9,4,14,10,2
463,2,7,Yes,3,7,7,1,14,7,2
464,3,17,No,3,16,6,0,13,13,5
465,3,4,No,3,4,2,0,12,2,2
466,2,8,Yes,3,5,4,1,15,2,3
467,3,5,No,3,0,0,0,19,0,3
468,3,16,No,3,1,0,0,14,0,2
469,3,4,No,3,4,3,0,14,2,3
470,3,4,Yes,3,3,2,1,11,0,5
471,3,8,No,3,8,0,0,13,7,4
473,3,15,No,4,0,0,0,21,0,3
474,4,13,Yes,3,7,7,6,13,7,2
475,3,4,Yes,3,2,2,2,12,2,2
476,3,8,No,3,8,7,7,17,7,3
477,2,14,No,4,1,0,0,23,0,6
478,2,3,Yes,3,3,2,1,11,2,3
479,3,7,No,3,1,0,0,15,0,6
481,2,16,No,3,13,9,1,11,12,2
482,3,15,No,3,3,2,1,11,2,2
483,4,10,Yes,3,7,7,1,13,7,3
484,3,3,No,4,3,2,2,24,2,3
485,3,1,Yes,3,1,0,0,13,0,2
486,3,17,No,4,5,4,0,20,3,3
487,3,7,No,3,1,0,0,14,0,2
488,3,8,No,3,8,7,7,18,7,5
491,2,20,No,3,4,3,1,15,3,2
492,2,8,Yes,3,6,4,1,12,0,6
493,2,3,Yes,3,2,2,2,16,2,5
494,4,1,No,3,1,0,0,15,0,0
495,3,6,No,3,3,2,1,16,2,4
496,2,10,No,3,1,1,0,19,0,5
497,3,5,No,3,5,2,0,11,4,2
498,3,7,No,3,7,5,0,16,7,1
499,2,26,No,4,5,2,0,24,0,2
500,3,18,No,3,7,7,0,11,7,2
501,3,6,No,3,2,2,2,13,2,3
502,4,9,Yes,3,5,2,0,13,4,3
505,3,30,Yes,3,5,4,1,13,2,2
507,3,5,Yes,3,5,2,0,12,3,2
508,3,1,No,3,1,0,0,18,0,3
510,3,7,No,4,6,4,0,22,4,2
511,3,2,No,3,2,1,1,13,2,1
513,2,10,No,3,10,9,9,13,0,2
514,3,3,Yes,4,1,0,0,23,0,4
515,3,18,No,3,18,7,12,12,17,2
516,3,8,No,3,5,4,1,12,3,5
517,3,8,No,3,5,2,1,16,2,5
518,3,18,Yes,3,1,0,0,12,1,2
520,2,25,No,3,25,10,3,11,9,3
521,2,20,No,4,1,0,0,22,0,3
522,3,24,No,3,4,2,1,11,2,4
523,3,6,No,3,3,2,1,15,2,3
524,3,13,No,3,13,10,3,12,12,5
525,3,8,No,4,3,2,1,20,2,1
526,3,8,Yes,3,5,2,0,14,2,3
527,2,5,Yes,3,5,4,1,11,3,3
529,3,15,Yes,3,13,11,10,15,7,2
530,2,4,No,3,4,2,3,12,2,3
531,3,21,Yes,3,21,8,1,14,6,3
532,4,36,No,3,7,7,7,11,7,0
533,3,6,No,3,5,4,4,11,4,6
534,4,10,No,3,10,7,0,16,7,2
536,3,10,No,3,10,0,1,12,8,2
538,3,6,No,3,2,2,0,13,2,5
543,2,28,Yes,3,5,4,0,14,4,4
544,3,8,No,4,2,2,0,21,2,3
546,3,31,No,3,5,2,1,13,4,2
547,3,19,No,3,5,4,0,11,2,3
548,1,11,No,4,5,4,0,20,2,2
549,3,33,No,3,29,8,11,11,10,5
550,3,19,No,3,10,7,0,14,8,5
551,2,7,No,3,6,5,0,11,4,4
554,3,6,Yes,3,5,3,1,16,4,4
555,1,3,No,3,2,2,1,16,0,3
556,3,1,Yes,4,1,0,0,23,0,3
558,3,21,No,3,20,15,1,14,12,2
560,3,3,No,4,3,2,0,22,2,3
562,3,9,No,3,5,3,1,15,4,3
564,2,10,No,3,10,2,0,18,7,2
565,2,6,No,3,2,2,1,16,1,2
566,2,1,No,3,1,0,0,12,0,3
567,3,10,No,3,9,8,7,11,8,3
568,2,32,No,3,1,0,0,12,0,3
569,2,28,No,3,27,10,15,15,7,2
571,3,12,No,3,11,7,6,14,7,2
573,2,22,No,3,18,13,13,19,11,5
574,3,20,No,3,5,0,0,13,4,2
575,3,26,No,3,3,2,0,13,1,2
577,1,6,No,3,5,4,4,15,3,2
578,3,19,No,3,1,0,0,11,0,3
579,2,14,No,3,7,3,5,12,7,3
580,2,15,Yes,3,3,2,1,19,2,3
581,3,13,No,4,13,8,0,25,8,6
582,3,15,Yes,3,7,6,7,12,7,2
584,1,8,No,3,4,3,1,13,3,2
585,3,4,No,3,3,2,1,14,2,3
586,3,10,Yes,3,8,7,0,12,0,2
587,3,12,No,3,1,0,0,12,0,2
590,3,11,Yes,3,3,2,0,15,2,2
591,3,8,No,3,2,2,2,17,0,4
592,3,10,No,3,10,3,9,14,7,3
593,2,4,No,3,2,2,1,16,2,3
595,3,14,No,3,9,7,6,14,7,2
597,3,37,No,4,10,9,7,23,7,2
599,3,16,No,3,14,3,1,14,10,3
600,3,15,No,3,11,9,6,11,9,2
601,3,22,No,3,20,6,5,15,13,3
602,3,8,No,3,8,3,0,11,7,3
604,3,10,Yes,3,6,5,0,13,5,2
605,3,10,Yes,4,10,9,5,21,8,5
606,3,9,No,3,8,7,3,19,7,3
608,3,8,Yes,3,7,7,1,11,0,2
611,3,8,No,3,3,2,1,12,2,2
612,4,10,No,3,6,1,0,19,5,2
613,2,10,No,4,5,4,0,21,1,3
614,3,0,Yes,3,0,0,0,14,0,3
615,1,20,No,3,1,0,0,15,1,2
616,2,10,Yes,3,8,7,0,17,7,3
618,3,8,No,3,0,0,0,12,0,5
620,3,5,No,3,5,4,0,16,3,3
621,4,10,No,3,10,7,5,12,7,3
622,1,1,Yes,3,1,0,0,18,0,3
623,3,12,No,3,6,5,1,17,2,3
624,3,28,No,3,2,2,1,11,2,3
625,3,22,No,3,18,16,11,16,8,2
626,3,9,No,3,9,5,7,13,7,6
630,3,18,Yes,3,10,9,6,12,9,3
631,4,6,No,3,4,2,1,12,2,2
632,3,3,No,3,2,2,2,13,1,3
634,3,18,No,3,1,0,0,19,0,4
635,3,8,No,3,6,5,4,12,3,2
638,2,31,Yes,3,31,9,0,17,9,5
639,4,6,Yes,3,6,5,1,11,4,3
641,3,6,No,4,5,3,1,20,4,5
643,2,1,No,4,1,0,0,21,0,2
644,3,32,No,3,32,5,10,11,7,2
645,3,7,No,3,7,4,0,11,6,1
647,3,6,Yes,3,6,3,1,16,2,4
648,2,1,No,3,1,0,0,18,0,2
649,2,6,Yes,3,6,5,1,13,3,3
650,3,9,No,3,3,1,1,17,2,2
652,2,9,No,3,3,2,0,14,2,3
653,4,13,No,4,7,7,5,22,7,4
655,2,6,No,3,5,3,0,12,3,5
656,3,17,Yes,3,3,0,1,11,0,3
657,2,1,No,3,1,0,0,13,0,0
659,3,10,No,3,10,2,2,13,2,4
661,2,21,Yes,3,1,0,0,14,0,3
662,3,8,No,3,0,0,0,17,0,3
663,3,10,Yes,3,8,7,4,13,7,3
664,2,21,No,3,3,2,0,11,2,3
665,2,10,No,3,2,2,0,11,2,1
666,3,8,Yes,3,8,2,0,18,6,3
667,3,5,No,3,4,3,0,11,2,3
669,3,3,No,3,3,2,1,11,2,2
671,3,26,Yes,3,2,2,0,12,1,2
675,3,3,No,4,2,2,2,20,2,3
677,3,6,No,3,5,0,1,12,2,3
679,3,6,Yes,3,6,4,0,12,5,2
680,3,1,No,4,1,0,0,20,0,2
682,3,18,No,4,14,7,8,20,10,2
683,3,10,No,3,10,9,8,12,8,4
684,3,5,No,3,1,1,0,14,0,4
686,3,3,Yes,3,3,2,0,13,2,2
689,3,10,No,3,10,7,7,15,8,2
690,3,6,No,3,6,0,1,14,2,5
691,1,17,No,3,17,11,11,13,8,3
692,3,15,No,4,13,11,4,23,7,2
698,3,16,No,3,9,7,7,15,1,1
699,2,13,Yes,3,3,2,0,11,2,2
700,2,5,No,3,4,2,1,13,1,0
701,3,1,Yes,3,1,0,1,11,1,5
702,3,10,Yes,3,10,8,9,11,7,3
704,2,1,No,3,1,0,0,18,0,3
705,4,5,No,3,3,2,0,16,2,3
707,4,4,No,4,3,2,1,22,2,4
709,2,8,No,4,7,7,0,20,5,2
710,1,10,No,3,10,7,2,18,8,5
712,4,12,No,3,2,2,2,12,2,3
714,4,6,Yes,4,6,5,0,20,4,3
715,4,4,No,3,1,0,0,17,0,2
716,4,20,Yes,3,20,8,3,11,8,3
717,2,9,No,3,8,7,7,14,7,3
720,3,4,No,3,2,2,2,14,0,3
721,2,20,No,3,20,7,11,11,10,4
722,3,10,No,3,10,7,0,12,8,2
723,3,18,Yes,3,4,3,1,14,3,4
724,4,10,No,3,9,7,1,13,8,4
725,3,9,No,3,9,7,0,11,7,3
727,3,10,No,3,7,7,7,15,7,6
728,3,20,No,3,7,7,1,12,7,2
729,2,20,Yes,4,18,13,1,21,12,2
730,4,32,No,3,5,1,1,19,3,3
731,2,23,No,3,21,6,12,15,6,2
732,3,10,No,3,2,2,2,14,2,1
733,3,9,No,4,9,7,1,21,7,4
734,2,22,No,3,22,7,2,12,10,3
738,3,4,No,3,2,2,2,15,2,2
741,1,10,Yes,3,7,7,3,13,7,4
742,4,10,No,3,8,7,0,14,5,2
743,3,10,Yes,3,1,0,0,14,0,4
744,1,9,No,3,5,2,1,14,4,5
746,3,28,Yes,3,22,2,11,12,13,2
747,3,10,No,4,8,7,7,23,7,2
749,3,1,No,3,1,0,0,11,0,6
752,4,7,Yes,3,2,2,2,12,2,2
754,2,7,No,3,2,2,2,18,2,5
757,3,10,No,3,5,1,4,11,3,2
758,3,5,No,3,4,3,0,14,2,2
760,4,12,No,3,8,3,3,15,6,3
762,3,30,No,3,10,7,1,11,1,1
763,2,5,Yes,4,4,2,2,20,3,2
764,2,9,No,3,7,6,0,19,7,2
766,3,2,No,3,2,2,2,14,2,2
769,3,19,No,3,2,2,2,17,2,4
771,3,16,No,3,1,0,0,11,0,2
772,3,10,No,3,10,8,4,15,7,2
773,3,6,Yes,3,1,0,0,13,1,0
775,3,7,No,3,0,0,0,14,0,3
776,2,34,No,3,34,6,1,11,16,3
780,3,10,Yes,3,10,9,7,13,8,2
781,3,6,No,4,6,5,1,23,4,5
783,1,9,No,3,8,7,3,13,1,3
784,4,2,No,3,2,2,0,18,2,3
785,4,8,Yes,3,5,4,1,12,3,2
786,3,6,No,4,6,5,1,22,4,5
787,3,24,Yes,3,5,2,1,13,4,2
789,2,10,No,3,10,7,0,15,9,1
791,3,5,No,3,4,3,1,18,2,3
792,1,5,No,3,2,2,2,14,0,2
793,3,11,No,3,8,7,1,12,1,3
796,2,6,No,3,4,3,1,17,2,2
797,4,10,No,3,4,2,1,16,3,2
799,3,9,Yes,3,5,3,1,11,4,4
800,3,5,No,3,4,2,1,19,1,3
802,3,6,Yes,3,5,3,4,13,3,3
803,4,17,Yes,3,15,7,4,12,12,2
804,2,6,No,3,6,5,1,11,3,3
805,3,3,No,3,3,2,0,16,2,1
806,1,7,No,4,2,2,0,21,2,2
807,4,8,No,4,8,7,3,24,7,2
808,3,6,No,3,3,2,1,17,2,1
809,3,24,No,3,24,7,14,13,9,4
811,4,1,Yes,4,0,0,0,21,0,2
812,2,1,No,3,1,0,0,11,0,4
813,3,9,No,4,5,2,1,20,4,3
815,3,30,No,3,4,3,0,16,3,3
816,2,1,Yes,3,1,0,0,11,0,1
817,3,14,No,3,13,9,3,11,7,3
819,3,6,No,3,3,2,0,15,2,3
820,3,26,Yes,3,26,14,3,11,0,3
823,3,10,No,3,9,7,0,15,5,2
824,4,10,No,4,10,7,0,24,7,3
825,3,40,Yes,3,31,15,13,12,8,2
826,4,7,No,3,2,2,2,13,2,0
827,2,8,Yes,3,4,3,0,13,2,4
828,3,5,No,3,2,2,2,17,1,3
829,3,8,No,3,5,2,0,13,4,2
830,2,14,No,3,14,13,6,12,8,3
832,2,10,No,3,1,0,0,14,0,6
833,2,12,Yes,4,0,0,0,24,0,4
834,2,1,No,3,1,0,0,14,0,3
836,3,10,No,3,9,8,7,13,8,3
837,2,13,No,3,4,3,1,15,2,3
838,2,6,No,3,5,2,1,16,3,3
840,3,9,No,3,9,8,7,18,7,3
842,3,12,No,3,9,7,7,16,3,3
843,3,22,No,4,4,1,1,24,0,3
844,2,9,Yes,3,9,8,0,16,8,3
845,3,17,No,4,8,5,1,21,6,3
846,3,8,Yes,4,8,7,7,20,5,2
847,3,4,No,3,3,2,0,19,2,1
848,2,8,Yes,3,8,7,1,14,7,2
850,3,0,No,3,0,0,0,11,0,6
851,3,29,No,3,20,6,4,14,17,2
852,3,10,No,3,5,2,2,12,3,2
854,4,6,No,3,4,3,0,13,1,3
855,4,9,No,4,9,8,0,22,8,5
856,2,6,No,3,6,5,1,11,1,3
857,3,18,Yes,3,18,14,4,14,11,1
859,3,8,No,3,5,2,0,11,3,3
861,2,10,No,3,5,4,0,12,3,3
862,2,35,Yes,3,5,2,0,18,4,3
864,3,18,Yes,3,5,4,0,12,2,2
865,4,9,No,3,5,3,1,12,3,3
867,2,31,No,4,9,8,0,22,0,3
868,2,9,No,3,1,0,0,19,0,2
869,2,6,No,3,5,1,0,13,4,6
872,2,4,No,4,2,2,2,22,2,2
874,4,10,Yes,4,3,2,0,24,2,2
875,3,8,Yes,3,2,1,2,14,2,2
878,2,6,No,4,5,4,0,21,3,3
879,3,5,Yes,3,5,3,0,18,3,3
880,2,17,Yes,4,17,14,5,20,15,2
881,3,10,Yes,3,10,2,7,19,8,3
882,3,4,No,3,3,0,0,12,2,2
885,2,5,No,3,5,2,0,12,3,1
887,3,7,No,3,4,2,0,16,2,2
888,2,6,No,3,5,2,3,17,4,2
889,3,10,No,3,10,8,5,14,3,3
893,2,3,No,3,2,2,1,19,2,3
894,4,17,Yes,3,5,3,1,13,3,1
895,3,8,Yes,3,6,4,0,19,2,2
896,2,5,Yes,3,3,2,0,19,2,3
897,3,28,No,3,2,0,2,14,2,3
899,2,16,No,3,13,10,4,16,8,2
900,3,10,No,3,5,4,0,15,0,3
901,3,33,No,3,12,9,3,18,8,0
902,3,12,No,3,5,2,2,13,2,2
903,3,8,Yes,4,7,6,7,22,7,2
904,3,10,Yes,3,10,0,0,13,9,2
905,3,31,No,3,31,6,14,11,7,3
909,2,13,No,3,5,4,0,11,4,2
910,3,7,Yes,3,4,3,0,11,3,4
911,3,1,Yes,4,1,0,0,24,1,2
912,2,8,No,3,4,3,0,14,3,5
913,3,8,Yes,3,8,7,7,13,1,0
916,3,4,No,3,4,2,0,14,2,3
918,2,3,Yes,3,1,0,0,14,0,3
920,3,4,No,4,1,0,0,21,0,2
922,2,2,No,3,2,2,0,13,2,3
923,3,1,No,3,1,0,0,19,0,3
924,3,17,Yes,3,16,8,4,17,11,2
925,2,3,Yes,3,3,2,1,18,2,3
926,3,4,Yes,3,3,2,0,19,2,3
927,1,10,Yes,3,7,7,1,13,0,1
930,3,6,No,3,2,2,2,18,2,2
932,3,8,Yes,4,2,2,2,21,2,2
933,3,1,No,3,1,1,0,19,0,2
934,3,1,No,3,1,0,1,14,0,3
936,2,10,No,3,5,4,0,17,3,6
939,2,6,Yes,3,3,2,0,11,2,1
940,2,24,Yes,3,6,0,0,13,4,3
941,2,13,No,3,7,7,5,15,2,2
942,3,10,Yes,4,10,6,0,25,7,2
944,3,29,No,3,26,9,1,11,7,3
945,3,13,No,3,0,0,0,17,0,2
947,3,9,No,3,9,8,0,13,0,2
949,3,8,No,3,6,2,0,18,1,6
950,3,15,No,3,15,12,5,13,11,3
951,2,5,No,4,3,0,0,20,2,3
952,2,1,Yes,3,1,0,0,18,0,2
954,2,11,No,3,1,0,0,12,0,2
956,2,7,No,3,7,7,0,12,7,2
957,3,20,Yes,3,18,13,2,13,17,3
958,3,16,No,4,11,8,3,21,9,6
959,2,1,Yes,3,1,0,0,13,0,3
960,3,1,No,3,1,0,0,19,0,2
961,3,10,Yes,3,9,7,8,11,5,2
964,3,3,Yes,3,1,1,0,14,0,2
966,3,8,No,3,8,7,6,12,3,2
967,2,16,Yes,3,16,7,3,11,7,6
969,2,6,No,3,5,0,1,14,4,3
970,2,17,No,3,14,1,11,11,7,2
972,3,9,No,3,9,7,0,12,8,5
974,3,3,No,3,3,1,0,15,2,5
975,3,5,No,3,5,2,1,16,0,3
976,3,26,No,3,9,8,7,15,8,2
977,3,7,No,4,1,0,0,24,0,4
981,3,22,No,3,17,13,15,13,2,3
982,3,10,No,3,8,4,7,11,7,2
983,3,6,Yes,3,5,3,1,13,3,1
984,3,12,No,3,10,9,0,13,8,2
985,4,9,No,3,8,7,0,18,7,3
986,4,22,Yes,3,1,0,0,16,0,2
987,4,20,Yes,3,19,10,2,19,7,3
990,3,12,No,3,7,7,0,13,7,3
991,2,4,Yes,4,3,2,1,22,2,0
992,3,10,No,3,10,8,6,11,0,2
994,2,3,Yes,4,0,0,0,20,0,5
995,3,5,No,3,3,2,0,18,2,4
996,3,8,No,3,5,3,0,14,2,2
997,3,32,No,4,5,4,1,22,3,1
998,4,6,Yes,3,6,5,1,13,2,2
999,3,21,No,3,18,16,0,17,11,2
1001,3,4,No,3,2,2,2,14,2,2
1002,3,9,Yes,3,9,8,0,15,8,2
1003,3,9,Yes,3,9,0,0,17,7,0
1004,3,7,Yes,3,5,2,0,11,1,2
1005,3,22,Yes,3,12,11,1,18,5,2
1006,3,3,No,3,2,1,0,17,2,0
1007,3,13,No,3,8,7,0,13,7,3
1009,2,5,No,3,4,2,3,15,2,6
1010,2,5,Yes,4,4,2,0,24,2,2
1011,3,4,No,3,4,3,0,12,3,1
1012,3,0,No,3,0,0,0,15,0,2
1013,3,22,No,3,10,7,0,11,8,2
1014,3,16,Yes,3,16,10,10,11,1,3
1015,4,9,Yes,3,8,7,1,12,7,4
1016,2,1,Yes,3,1,0,0,15,0,2
1017,3,4,No,3,3,2,1,17,2,3
1018,4,8,No,3,8,7,1,12,3,2
1019,1,4,No,3,4,3,1,15,1,3
1022,2,19,No,3,2,2,2,13,2,0
1024,2,27,No,3,15,11,4,14,8,3
1025,3,8,No,3,2,2,2,14,1,6
1026,2,21,No,3,21,6,11,16,8,3
1027,3,4,No,3,3,2,2,18,2,2
1028,3,3,No,4,3,2,1,20,2,4
1029,3,21,No,3,1,0,0,13,0,3
1030,3,8,No,3,1,0,0,18,0,5
1032,2,30,Yes,3,5,3,4,13,3,4
1033,1,15,No,3,1,0,0,15,0,2
1034,3,17,Yes,3,8,7,6,14,7,3
1035,1,21,No,4,21,16,5,22,10,3
1036,3,19,Yes,3,1,0,0,12,0,1
1037,1,7,No,3,2,2,2,18,2,6
1038,1,33,No,3,32,14,6,15,9,3
1039,4,23,Yes,3,12,11,11,18,11,2
1040,3,19,No,3,18,7,0,12,13,3
1042,4,18,No,3,17,13,15,16,14,1
1043,3,21,Yes,3,21,6,2,13,8,2
1044,2,3,No,3,2,2,2,19,2,2
1045,3,26,No,3,9,3,1,13,1,4
1046,3,10,No,3,8,7,7,12,7,2
1047,4,16,No,3,15,1,0,11,9,2
1048,3,14,Yes,3,6,4,0,14,4,1
1049,3,6,No,3,6,3,0,16,4,3
1050,2,30,No,3,15,7,6,12,12,2
1052,3,9,No,3,1,0,0,14,0,3
1053,3,6,Yes,3,3,2,1,14,2,2
1055,3,1,Yes,3,1,1,0,19,0,2
1056,3,1,No,4,1,0,0,22,0,5
1060,3,8,No,3,2,2,2,16,2,2
1061,3,29,Yes,3,8,1,7,11,7,2
1062,3,8,No,3,4,3,0,15,1,3
1066,3,8,No,3,7,7,7,14,5,3
1068,2,5,No,3,5,3,1,13,3,5
1069,3,23,No,3,2,2,2,17,2,0
1070,2,13,No,3,9,4,7,11,0,4
1071,3,18,No,3,5,4,0,19,3,4
1073,2,15,No,3,14,8,7,11,8,2
1074,2,31,No,3,9,7,6,15,2,3
1076,2,18,No,3,1,0,0,13,0,5
1077,3,2,Yes,3,2,2,0,14,2,3
1079,2,1,No,3,1,0,1,13,0,6
1080,2,19,Yes,4,16,13,1,23,7,2
1081,3,18,Yes,3,10,0,2,12,7,2
1082,2,10,No,3,10,7,1,12,9,2
1083,2,6,No,3,5,3,1,16,3,2
1084,3,7,No,3,6,2,0,15,2,1
1085,4,10,No,3,10,6,0,13,8,3
1088,2,20,No,3,19,9,1,18,9,4
1092,3,14,No,4,11,10,11,20,1,6
1094,1,3,No,3,3,2,1,19,2,4
1096,3,23,No,3,3,2,1,18,2,4
1097,3,10,No,3,8,7,1,13,7,4
1098,2,24,No,3,20,6,3,14,6,1
1099,2,9,No,3,3,2,1,15,2,2
1100,3,9,Yes,4,8,7,4,22,7,2
1101,2,14,No,4,13,7,3,22,8,4
1102,3,4,No,3,4,2,2,16,2,5
1103,3,7,No,3,6,2,0,17,4,1
1105,2,8,Yes,3,1,0,0,14,0,5
1106,3,7,Yes,3,7,7,5,15,6,3
1107,3,1,No,4,1,1,0,20,0,0
1108,2,5,Yes,4,2,2,2,20,2,0
1109,3,23,No,3,22,6,13,17,7,3
1111,2,1,No,3,1,0,0,15,0,2
1113,3,5,Yes,3,0,0,0,14,0,4
1114,3,4,No,3,3,2,0,17,2,3
1115,2,6,No,3,0,0,0,17,0,2
1116,4,27,No,4,5,4,2,22,1,3
1117,2,15,No,3,15,10,4,13,12,2
1118,3,18,No,3,8,6,4,19,0,4
1119,2,9,Yes,3,8,7,2,14,7,2
1120,3,11,No,4,7,5,1,22,7,1
1121,3,10,No,3,9,7,1,17,7,3
1124,3,23,No,3,12,9,4,12,9,3
1125,3,10,No,3,1,0,0,16,0,2
1126,3,18,No,3,8,7,0,11,1,1
1127,3,21,No,3,18,7,11,11,5,4
1128,2,21,No,3,20,7,4,14,9,2
1131,2,2,Yes,3,2,2,2,11,2,6
1132,3,9,No,3,5,4,0,15,3,2
1133,3,18,No,4,11,9,0,20,9,0
1135,4,3,No,3,2,2,2,12,2,4
1136,2,6,No,3,5,3,0,17,4,2
1137,3,5,No,3,5,2,0,11,2,3
1138,2,22,No,3,9,8,2,17,3,3
1140,3,5,No,3,3,2,0,11,2,3
1143,3,8,No,3,7,5,1,14,1,2
1148,1,16,No,3,1,0,0,19,0,3
1150,2,10,Yes,3,10,7,1,15,2,2
1152,4,7,No,3,7,6,5,13,0,2
1154,2,3,Yes,3,3,1,0,14,2,2
1156,3,0,No,3,0,0,0,12,0,0
1157,3,6,Yes,3,5,2,0,17,3,3
1158,3,6,Yes,3,1,0,0,11,0,4
1160,3,2,No,3,2,2,2,12,2,5
1161,2,9,No,3,6,2,1,13,3,2
1162,2,4,No,3,4,2,2,13,2,0
1163,3,6,No,4,6,5,1,20,3,3
1164,3,6,No,3,5,4,1,17,4,2
1165,2,11,No,3,11,8,3,13,10,3
1166,3,20,No,3,18,7,2,17,13,3
1167,3,22,Yes,3,21,9,13,12,14,2
1171,3,9,No,3,6,4,1,13,5,3
1172,2,10,No,3,8,0,1,12,7,2
1173,3,6,No,4,4,3,1,22,2,2
1175,3,1,Yes,3,1,1,0,11,0,4
1177,4,8,No,4,8,7,0,22,7,2
1179,2,10,No,3,10,3,1,18,4,3
1180,2,16,Yes,3,1,1,0,13,0,3
1182,2,15,No,3,7,7,6,18,4,2
1184,2,14,No,4,13,9,4,20,9,3
1185,2,2,No,3,2,2,2,13,2,2
1188,1,7,No,3,4,3,1,13,3,2
1190,3,1,No,3,1,0,0,12,0,3
1191,3,28,No,3,5,2,4,13,2,2
1192,3,10,No,3,10,8,0,13,8,5
1193,3,1,No,4,1,1,0,25,0,4
1195,3,7,Yes,3,3,2,0,19,2,2
1196,2,14,No,3,14,8,3,13,11,2
1198,2,2,No,3,2,2,1,12,2,2
1200,3,6,Yes,3,6,4,0,11,2,4
1201,3,26,No,3,7,7,4,18,7,6
1202,1,6,Yes,3,5,4,1,18,3,2
1203,2,1,Yes,3,0,0,0,11,0,5
1204,3,28,No,4,26,15,15,23,9,2
1206,1,6,No,3,0,0,0,13,0,3
1207,3,5,No,3,5,4,1,13,4,2
1210,2,5,No,3,1,0,0,17,0,2
1211,3,8,No,3,4,3,0,19,3,3
1212,3,5,No,3,0,0,0,12,0,2
1215,3,32,No,4,2,2,2,22,2,3
1216,2,6,No,3,6,5,3,12,3,2
1217,3,25,No,3,4,2,0,11,3,2
1218,3,15,Yes,3,7,7,1,15,7,2
1219,3,1,No,3,1,0,0,13,0,3
1220,3,10,No,3,10,7,0,12,1,3
1221,1,7,No,3,7,7,1,14,7,4
1224,3,10,No,3,10,7,8,13,9,4
1225,3,20,No,4,20,11,13,25,17,3
1226,4,2,No,3,2,1,2,17,2,2
1228,3,12,No,3,6,3,1,11,4,3
1231,4,10,No,3,4,3,0,16,3,3
1233,4,12,Yes,3,11,7,1,18,9,3
1234,2,2,No,4,2,2,2,20,2,2
1235,3,10,Yes,3,8,7,0,14,7,2
1237,1,17,Yes,4,7,7,7,21,7,2
1238,3,15,No,3,14,10,4,13,10,5
1239,2,7,No,3,5,1,1,12,3,2
1240,3,5,No,3,4,3,1,14,1,4
1241,3,12,Yes,4,11,9,5,21,7,2
1242,3,20,Yes,3,1,0,0,17,0,6
1243,2,16,Yes,3,13,2,4,11,12,6
1244,3,9,Yes,3,9,7,6,14,8,3
1245,3,33,No,3,5,4,1,17,4,2
1246,4,10,No,3,10,5,7,13,7,5
1248,2,1,Yes,4,1,1,0,25,0,2
1249,3,3,No,3,3,2,1,15,2,5
1250,3,36,No,3,10,9,0,14,9,2
1251,3,6,Yes,3,6,5,0,12,1,2
1252,2,10,No,3,10,9,1,19,8,2
1254,2,13,No,3,6,1,0,17,5,2
1255,1,25,No,3,8,7,0,14,7,2
1256,2,23,No,3,1,0,0,13,0,2
1257,3,12,No,3,11,10,0,12,7,2
1258,4,7,No,3,1,0,0,11,0,4
1259,3,5,No,3,5,3,0,11,3,2
1260,3,6,Yes,3,6,0,1,11,0,2
1263,2,25,No,3,1,0,0,12,0,3
1264,2,9,No,3,7,7,1,14,7,2
1265,4,2,No,3,1,0,0,17,0,5
1267,3,26,No,3,22,9,3,11,10,5
1268,4,10,Yes,3,9,8,0,14,8,3
1269,4,1,Yes,3,1,0,0,12,1,2
1270,3,1,No,4,1,0,0,22,1,2
1273,1,1,Yes,3,1,0,1,14,0,4
1275,3,8,Yes,4,8,5,2,20,2,2
1277,1,26,Yes,3,24,10,1,16,11,2
1278,2,34,Yes,3,33,9,15,15,0,3
1279,2,2,No,4,2,2,2,20,2,2
1280,2,26,No,3,11,4,0,14,8,2
1281,3,4,Yes,3,3,2,0,12,2,3
1282,3,31,Yes,4,29,10,11,24,10,5
1283,3,25,No,3,9,7,5,12,4,6
1285,3,15,No,3,11,8,5,13,10,2
1286,3,5,Yes,3,4,2,0,11,2,2
1288,4,26,No,3,25,9,14,14,13,4
1289,2,14,No,3,10,9,1,11,8,5
1291,3,4,Yes,3,3,2,2,14,2,3
1292,4,18,Yes,3,1,0,0,16,0,2
1293,2,23,No,3,21,7,15,14,17,3
1294,3,18,Yes,3,16,14,5,11,12,2
1295,3,10,No,3,10,7,0,11,5,2
1296,2,2,Yes,3,2,2,2,12,2,2
1297,2,8,No,3,7,0,7,14,7,6
1298,3,10,Yes,3,8,4,1,18,7,3
1299,3,10,Yes,3,7,7,7,13,7,2
1301,3,5,No,3,3,2,1,11,2,2
1303,3,2,No,3,2,2,2,18,1,3
1304,4,10,No,3,10,7,0,15,8,4
1306,3,22,No,4,0,0,0,22,0,4
1307,2,21,Yes,3,19,9,15,13,2,4
1308,3,2,No,3,2,2,2,12,2,3
1309,3,10,No,3,10,4,1,18,1,3
1310,3,6,No,3,5,2,0,13,3,2
1311,2,10,No,3,9,2,6,12,7,6
1312,3,10,No,3,7,7,1,12,7,0
1314,3,10,No,3,7,6,5,12,7,3
1315,1,10,No,3,9,8,7,11,5,6
1317,3,25,Yes,3,3,2,1,11,2,2
1318,2,9,Yes,3,5,4,1,12,0,2
1319,3,10,Yes,3,8,7,7,19,7,2
1321,3,9,Yes,4,9,1,0,23,8,2
1322,3,9,No,3,8,7,1,11,7,6
1324,3,10,Yes,3,10,8,9,19,6,5
1329,1,19,No,3,19,2,11,13,9,4
1331,3,3,Yes,3,3,2,2,11,2,2
1333,3,10,No,3,3,2,1,12,2,4
1334,3,21,Yes,3,20,8,2,13,10,3
1336,1,23,No,3,19,9,9,14,11,5
1338,3,36,No,3,7,3,7,14,7,4
1340,3,6,No,3,4,2,0,16,0,0
1344,3,10,No,3,9,7,1,11,6,0
1346,3,9,No,3,9,8,8,13,8,4
1349,3,10,No,3,9,3,1,17,7,2
1350,3,9,Yes,3,9,6,1,11,1,3
1352,3,33,Yes,3,33,9,0,11,10,2
1355,3,11,No,3,7,7,1,15,7,3
1356,3,10,No,3,10,8,9,12,6,6
1358,3,7,No,3,3,2,1,11,2,6
1360,2,31,Yes,3,10,9,5,14,9,0
1361,3,7,No,4,4,2,0,22,3,3
1362,4,17,No,3,15,7,6,16,13,2
1363,3,11,No,3,10,9,0,11,8,2
1364,4,5,No,3,1,0,0,14,0,4
1367,2,29,No,3,5,2,0,16,3,1
1368,3,0,No,3,0,0,0,15,0,5
1369,2,10,No,3,9,7,0,12,0,0
1371,1,8,No,4,6,2,0,20,0,3
1372,4,24,Yes,3,19,7,3,17,8,2
1373,3,33,Yes,3,19,16,15,12,9,0
1374,2,5,No,4,5,4,0,20,0,2
1375,4,15,No,4,12,11,11,20,8,0
1377,3,10,No,3,8,7,7,13,7,1
1379,2,3,No,3,1,0,0,14,0,3
1380,3,5,Yes,3,4,2,3,18,2,0
1382,4,4,No,3,4,2,0,11,3,2
1383,3,14,No,3,14,11,4,11,11,2
1387,2,5,No,3,5,3,0,11,4,0
1389,3,10,Yes,3,10,2,6,15,7,3
1390,2,8,Yes,3,5,4,1,12,4,2
1391,3,14,No,3,4,2,3,11,2,5
1392,3,12,Yes,3,6,2,3,14,3,4
1394,3,8,Yes,3,6,4,1,15,3,2
1395,3,8,No,3,5,4,1,13,2,2
1396,3,4,Yes,3,3,2,1,13,2,3
1397,3,13,No,4,6,4,0,21,5,2
1399,4,6,No,3,3,2,1,11,2,3
1401,4,24,Yes,3,5,3,0,11,2,3
1402,2,20,Yes,3,20,7,1,14,8,3
1403,2,6,Yes,3,6,2,4,11,4,3
1405,3,8,Yes,3,8,2,7,13,7,2
1407,2,5,No,3,4,3,1,12,1,2
1408,3,21,No,3,20,7,0,14,9,5
1409,3,12,No,3,5,4,0,13,4,2
1411,3,8,No,3,3,2,0,18,2,6
1412,3,10,No,3,2,2,2,11,2,2
1415,3,7,No,3,3,2,0,11,2,2
1417,4,8,No,3,7,7,0,12,7,2
1419,2,10,No,3,10,9,0,13,9,3
1420,2,20,No,4,4,3,1,20,3,2
1421,3,9,Yes,3,8,7,7,12,7,1
1422,3,29,No,3,20,7,12,19,7,3
1423,3,32,Yes,4,9,8,1,21,5,3
1424,4,31,No,3,7,7,0,13,0,4
1425,3,15,Yes,3,5,4,0,16,1,3
1427,1,1,No,3,1,0,0,12,0,3
1428,3,8,No,3,3,2,0,14,2,3
1430,3,9,No,3,3,2,1,11,0,3
1431,3,10,No,3,4,3,1,14,3,2
1433,2,1,No,3,1,0,0,12,0,3
1434,3,6,No,3,5,0,1,14,4,3
1435,2,10,No,3,10,4,1,16,8,2
1436,2,11,No,3,3,2,0,13,2,3
1438,3,17,No,3,6,5,1,12,2,2
1439,2,6,No,3,3,2,2,12,2,2
1440,4,7,No,3,6,5,1,14,3,2
1441,3,5,No,4,3,2,1,22,0,3
1443,3,26,No,3,20,17,5,19,6,2
1445,3,5,Yes,3,5,4,0,12,3,3
1446,3,7,No,3,4,3,0,12,3,3
1447,2,7,No,3,5,4,0,17,2,2
1448,4,7,Yes,3,4,2,0,12,3,5
1449,3,11,No,3,8,7,0,11,7,2
1453,3,13,No,3,13,7,9,18,9,5
1457,3,28,No,3,7,7,4,11,3,1
1458,2,11,Yes,4,1,0,0,23,0,2
1459,4,10,No,3,10,8,4,11,7,2
1460,1,24,Yes,3,7,7,0,18,7,2
1461,4,8,No,3,3,2,0,18,2,3
1464,3,7,Yes,3,2,2,2,13,2,2
1465,3,10,Yes,3,3,1,1,18,2,4
1466,3,15,No,3,2,2,2,11,2,3
1467,3,2,No,3,2,2,2,15,2,0
1468,2,16,No,3,9,8,4,11,8,5
1469,3,6,No,3,5,4,1,18,3,4
1471,2,7,No,3,5,2,0,14,3,5
1472,4,35,No,3,9,8,8,12,8,2
1473,3,20,No,3,3,2,1,14,2,0
1474,3,8,No,3,3,1,1,14,2,3
1475,3,6,No,3,5,2,1,13,3,3
1477,3,5,No,3,4,3,0,14,3,2
1478,1,15,No,3,13,9,3,18,12,2
1479,3,4,No,3,2,1,2,15,2,2
1480,3,12,No,3,12,9,5,13,8,3
1481,3,11,No,3,1,0,0,12,0,4
1482,3,1,No,3,1,0,0,13,0,2
1483,4,13,No,4,12,9,2,24,8,2
1484,3,29,No,3,8,7,0,14,7,3
1485,3,16,No,3,14,8,6,14,9,3
1486,3,5,No,3,3,2,1,15,2,3
1487,3,7,No,3,5,3,0,11,0,4
1489,2,16,Yes,4,15,9,10,23,10,2
1492,3,1,No,3,1,0,0,13,0,3
1494,3,4,Yes,3,0,0,0,11,0,2
1495,3,1,No,3,1,0,0,13,0,2
1496,3,16,Yes,3,2,2,2,18,2,2
1497,2,10,No,3,10,7,0,14,4,3
1499,3,6,No,4,5,3,1,21,3,3
1501,3,4,Yes,3,3,2,1,16,2,2
1502,2,8,No,3,5,4,0,11,2,5
1503,3,11,Yes,3,5,4,1,17,2,4
1504,2,8,No,3,0,0,0,11,0,2
1506,2,1,No,3,1,0,0,14,0,2
1507,3,5,No,3,4,2,1,14,3,5
1509,2,10,No,4,3,2,1,25,2,3
1513,3,4,No,3,3,2,0,13,2,3
1514,1,8,No,3,8,6,1,14,7,2
1515,3,14,Yes,3,0,0,0,17,0,6
1516,3,10,No,4,5,2,0,25,0,5
1520,3,26,No,4,14,9,1,20,12,2
1522,2,11,No,3,9,7,0,13,7,2
1523,3,24,No,3,20,6,14,13,17,1
1525,3,9,No,3,2,0,2,18,2,3
1527,3,23,No,3,13,12,5,12,1,2
1529,2,11,No,3,11,8,3,19,3,3
1533,3,5,No,3,4,3,1,14,2,2
1534,3,15,No,3,5,4,1,14,0,3
1535,2,10,Yes,3,10,9,8,14,6,3
1537,3,7,No,3,7,2,7,12,7,2
1539,1,32,Yes,3,32,6,13,13,9,2
1541,3,12,Yes,4,11,10,5,25,7,4
1542,2,4,No,3,1,0,0,14,0,3
1543,3,10,No,3,10,8,3,17,7,2
1544,1,9,No,3,7,7,0,13,7,3
1545,2,5,No,3,5,3,0,13,2,2
1546,3,8,No,4,5,4,0,20,3,3
1547,3,24,Yes,3,20,8,13,14,9,3
1548,3,9,No,3,8,4,7,12,1,5
1549,3,15,Yes,3,15,14,5,12,7,3
1550,3,21,Yes,4,21,7,7,21,7,2
1551,2,2,No,3,1,1,0,14,0,3
1552,3,8,Yes,3,2,2,2,18,2,2
1553,3,10,No,3,10,8,7,12,7,4
1554,2,6,No,4,5,3,4,23,2,5
1555,2,12,No,3,7,1,2,12,5,2
1556,3,7,Yes,4,3,2,1,21,2,3
1557,3,18,No,3,8,7,7,14,7,2
1558,4,5,No,3,1,0,0,18,0,2
1560,3,8,No,3,2,2,2,13,2,6
1562,2,10,No,3,10,8,6,11,7,4
1563,3,10,No,3,6,3,1,11,2,2
1564,2,3,No,3,3,0,1,19,2,3
1568,3,9,No,3,4,2,1,12,3,3
1569,3,1,Yes,3,1,0,0,12,0,2
1572,2,34,No,3,33,7,1,16,9,4
1573,3,7,No,3,5,2,1,11,4,2
1574,3,9,No,3,6,5,1,14,2,3
1576,3,10,No,3,8,2,7,12,6,3
1577,3,1,No,3,1,0,0,13,0,4
1578,2,36,No,4,36,6,2,21,13,3
1580,3,9,No,3,2,2,2,17,1,3
1581,3,1,No,4,1,0,0,21,0,5
1582,3,10,No,3,9,8,7,11,7,3
1583,3,8,No,3,3,2,1,12,2,5
1585,3,15,No,3,1,0,0,13,0,5
1586,3,10,Yes,3,10,9,1,18,5,3
1587,3,10,Yes,3,5,2,0,16,4,4
1588,4,11,No,3,7,6,7,11,6,3
1590,3,6,No,3,6,4,1,19,3,0
1591,3,27,Yes,3,1,0,0,16,0,2
1592,4,4,No,3,2,2,2,16,2,2
1594,4,9,Yes,3,3,2,0,13,2,3
1595,2,24,No,4,1,0,0,22,1,2
1596,4,10,No,3,10,9,6,17,8,3
1597,2,8,No,3,8,2,7,14,7,3
1598,3,5,No,3,5,4,1,15,2,2
1599,4,8,No,3,6,4,0,12,2,0
1601,2,1,No,3,1,0,0,18,1,5
1602,4,27,No,3,26,0,0,15,12,5
1604,3,1,Yes,3,1,1,0,17,0,3
1605,2,4,Yes,3,4,2,1,14,3,2
1606,3,32,Yes,3,30,8,12,15,13,3
1607,4,6,No,3,3,2,0,17,2,3
1608,3,23,Yes,3,22,7,1,14,10,4
1609,2,6,No,3,6,4,1,12,1,3
1611,1,10,Yes,3,10,7,1,14,4,3
1612,2,10,No,3,10,7,4,15,5,2
1613,3,10,No,3,5,2,0,13,3,3
1614,3,7,Yes,3,3,2,1,12,1,2
1615,4,9,No,3,9,7,7,13,2,3
1617,3,10,No,3,9,6,1,14,4,3
1618,3,10,No,3,7,7,7,13,7,3
1619,2,7,No,3,7,7,0,11,7,3
1621,4,16,No,3,16,15,1,11,10,2
1622,1,6,No,4,5,3,0,21,0,5
1623,3,3,No,3,2,2,2,18,2,2
1624,3,0,Yes,3,0,0,0,12,0,2
1625,3,27,No,3,5,2,1,11,0,2
1627,2,11,No,3,10,8,0,15,7,3
1628,2,18,No,3,18,15,14,13,12,2
1630,3,15,No,3,14,11,2,12,9,5
1631,3,9,No,3,4,3,0,17,2,2
1633,3,10,No,3,9,2,3,13,8,2
1635,2,10,No,3,10,7,3,19,9,3
1638,2,10,Yes,3,5,4,0,19,2,6
1639,2,15,No,3,13,12,6,17,0,3
1640,3,8,No,3,8,4,7,11,7,2
1641,3,18,Yes,3,4,2,3,15,3,2
1642,3,14,Yes,3,10,7,0,11,2,3
1644,2,23,No,4,2,2,2,25,2,3
1645,1,7,Yes,3,2,2,2,14,2,2
1646,3,6,Yes,3,6,3,1,13,3,2
1647,4,5,No,3,3,2,0,17,2,0
1648,3,6,No,3,4,2,1,13,2,0
1649,3,10,Yes,3,4,2,0,14,3,3
1650,2,8,No,3,5,2,1,11,4,2
1651,3,9,No,3,3,2,0,12,2,6
1653,4,7,No,3,7,7,0,17,7,6
1654,3,7,No,4,5,4,1,21,0,3
1655,3,27,No,3,4,2,1,16,2,2
1656,2,19,No,3,14,11,1,15,11,3
1657,3,2,No,3,2,2,2,19,2,3
1658,3,11,No,3,11,8,7,12,9,2
1659,3,15,No,3,4,3,1,11,3,4
1661,2,30,Yes,3,15,11,2,19,12,3
1662,2,4,No,3,3,2,1,15,2,6
1664,4,13,No,4,5,4,0,20,4,3
1665,3,36,No,4,10,8,4,25,7,6
1666,2,14,No,4,14,10,6,24,11,3
1667,3,13,Yes,4,11,9,6,24,7,2
1668,3,19,No,3,13,11,2,15,9,4
1669,2,10,Yes,3,10,0,0,13,9,3
1670,3,6,No,3,6,2,0,14,4,5
1671,3,10,No,3,9,5,1,13,6,4
1673,3,10,No,3,10,0,0,11,2,2
1674,3,17,Yes,3,2,2,2,16,2,2
1675,2,4,No,4,4,3,3,22,3,3
1676,4,29,No,3,3,2,1,14,2,2
1677,3,23,No,3,8,7,0,14,0,2
1678,3,21,Yes,3,2,0,0,16,2,2
1680,3,2,No,3,2,2,0,11,2,3
1681,3,7,Yes,4,6,5,1,25,2,2
1682,3,10,No,3,3,2,0,14,2,2
1683,3,8,Yes,3,2,2,2,18,2,2
1684,2,5,Yes,3,5,4,1,11,2,2
1687,3,7,No,3,0,0,0,19,0,5
1689,4,11,No,3,4,3,1,15,2,2
1691,3,19,Yes,3,9,7,7,11,7,3
1692,3,1,No,3,1,0,0,12,0,2
1693,3,7,No,4,7,7,5,20,7,5
1694,2,8,No,3,4,2,1,12,2,1
1696,2,15,No,3,15,10,4,14,13,3
1697,1,19,No,4,1,0,0,20,0,2
1698,4,14,No,3,14,11,2,18,13,6
1700,1,6,No,3,6,3,1,14,3,2
1701,2,10,No,3,10,9,8,12,7,3
1702,3,3,Yes,4,3,2,0,21,2,2
1703,4,9,Yes,3,8,7,6,19,7,2
1704,2,6,Yes,3,5,4,1,14,4,2
1706,3,10,Yes,3,10,9,8,17,8,3
1707,4,5,No,3,5,3,0,16,4,1
1708,3,10,No,3,10,8,8,12,7,3
1709,3,9,No,3,5,3,1,17,2,2
1710,3,17,No,3,13,7,6,15,7,2
1712,2,25,No,4,23,15,14,23,4,3
1714,1,1,No,3,1,0,0,11,0,2
1716,1,25,No,3,23,5,14,11,10,3
1718,1,3,No,3,3,2,0,15,2,3
1719,2,21,No,3,21,6,8,11,6,2
1720,3,10,No,3,5,2,1,13,3,3
1721,3,6,No,3,5,2,0,14,3,2
1722,1,10,No,3,3,2,1,19,2,4
1724,3,18,Yes,3,1,0,0,16,0,3
1725,3,6,No,3,6,2,1,13,2,2
1727,3,19,No,3,10,7,0,14,9,3
1728,3,17,No,3,7,7,0,16,7,3
1729,3,10,No,3,10,0,0,12,8,2
1731,3,4,No,3,1,0,0,11,0,3
1732,3,13,Yes,3,10,6,0,12,3,5
1733,2,16,Yes,3,2,2,2,13,2,3
1734,1,10,No,3,0,0,0,15,0,2
1735,3,3,No,3,3,2,1,13,2,3
1736,3,9,No,4,5,4,1,20,4,3
1737,3,9,Yes,3,9,8,5,15,8,2
1739,1,10,No,3,4,3,0,13,2,2
1740,3,21,No,3,21,8,12,14,8,3
1744,1,9,No,4,5,0,0,21,3,2
1745,2,10,No,3,9,7,0,16,7,2
1746,3,3,No,3,2,2,2,14,1,2
1747,2,6,No,3,4,2,1,11,2,0
1749,3,6,No,3,5,2,0,19,2,3
1751,3,6,No,3,6,2,1,11,4,5
1752,1,2,No,3,2,2,2,13,2,3
1753,4,10,Yes,3,3,2,0,12,2,5
1754,2,12,No,3,7,7,1,11,7,2
1755,4,6,Yes,3,5,0,1,14,2,3
1756,3,13,No,3,11,7,1,15,7,2
1757,3,8,No,3,5,1,0,12,4,1
1758,3,11,Yes,4,0,0,0,20,0,2
1760,2,9,No,3,6,1,0,14,5,4
1761,3,10,No,3,1,0,0,13,0,2
1762,2,1,No,3,1,0,0,13,0,2
1763,4,10,No,3,7,0,1,16,7,3
1764,3,12,No,3,7,7,0,14,7,3
1766,1,15,Yes,3,1,0,1,16,0,2
1767,2,6,Yes,3,1,0,0,16,0,4
1768,3,7,No,4,5,3,0,22,4,6
1770,2,34,No,3,1,0,0,12,0,2
1771,3,11,No,3,9,8,1,15,7,2
1772,3,5,No,4,5,3,0,20,4,2
1774,3,15,Yes,3,15,14,0,14,7,3
1775,2,27,Yes,4,3,2,0,20,2,2
1778,3,10,No,3,9,7,1,13,8,5
1779,1,6,No,3,2,2,2,12,2,3
1780,3,1,No,3,1,0,1,13,0,3
1782,2,5,No,3,5,4,0,11,4,3
1783,3,1,Yes,3,1,0,0,17,0,6
1784,2,13,No,3,12,7,5,14,7,3
1786,3,15,No,3,2,2,2,11,2,2
1787,2,5,No,3,5,2,0,14,3,2
1789,3,24,Yes,3,2,1,2,17,2,3
1790,3,15,Yes,3,12,8,5,13,7,1
1792,3,6,Yes,3,5,3,2,12,3,2
1794,3,19,No,3,10,0,4,13,7,4
1797,3,10,Yes,3,10,7,7,18,7,2
1798,4,14,No,3,10,8,7,19,6,1
1799,3,5,No,3,5,3,0,11,3,6
1800,3,9,No,4,4,3,2,21,2,3
1801,2,6,No,3,2,2,2,15,2,3
1802,3,7,No,3,4,3,0,17,2,5
1803,4,10,No,3,0,0,0,18,0,2
1804,3,15,No,3,7,7,1,14,7,6
1805,3,13,No,3,11,10,3,13,8,3
1807,3,11,No,3,7,1,0,17,7,3
1809,3,10,No,3,10,3,0,15,8,4
1812,3,7,No,3,2,1,2,18,2,6
1813,3,7,No,3,3,2,1,13,2,2
1814,4,11,No,3,3,2,1,12,2,3
1815,3,23,Yes,3,22,14,13,13,5,3
1816,3,9,No,3,7,7,0,14,2,3
1818,3,6,Yes,3,5,1,1,11,4,3
1821,3,13,No,4,9,7,3,22,7,2
1822,3,12,No,3,5,3,0,17,3,3
1823,4,10,No,4,10,8,4,21,8,5
1824,3,37,No,4,16,9,14,22,14,0
1826,1,6,No,3,5,4,0,16,3,2
1827,2,28,Yes,3,22,11,14,12,10,4
1829,3,15,No,3,7,4,7,12,7,3
1830,3,14,No,3,7,1,1,15,7,2
1833,3,9,No,3,3,2,2,14,2,3
1834,3,3,No,4,3,2,1,25,2,3
1835,1,20,Yes,4,4,2,0,20,3,4
1836,3,5,No,3,5,3,1,13,2,4
1837,3,23,Yes,3,2,2,2,14,2,3
1839,3,0,No,3,0,0,0,16,0,4
1842,4,2,No,3,1,0,0,17,0,4
1844,2,4,Yes,3,2,2,2,15,0,3
1845,3,10,No,4,8,7,5,22,7,3
1847,3,15,Yes,4,1,0,0,22,0,2
1849,3,7,No,4,7,7,7,20,7,5
1850,3,6,Yes,3,5,4,0,14,2,3
1852,3,11,No,3,11,8,3,13,10,3
1853,3,4,No,3,0,0,0,13,0,2
1854,3,10,No,4,6,3,3,22,3,1
1856,3,7,No,3,2,2,2,12,0,2
1857,3,12,No,3,9,8,4,14,7,4
1858,3,3,No,3,3,2,2,15,2,2
1859,1,11,No,3,7,0,1,17,6,3
1860,3,8,No,3,0,0,0,13,0,3
1862,2,7,Yes,3,2,2,2,12,2,3
1863,4,25,No,3,19,17,2,12,8,5
1864,2,9,No,4,9,8,5,21,8,5
1865,2,1,No,3,1,0,0,11,0,3
1866,2,21,No,3,16,12,6,13,14,2
1867,2,29,No,3,22,10,12,12,9,3
1868,2,1,Yes,4,1,0,1,24,0,3
1869,3,14,No,4,8,7,0,21,7,2
1870,2,8,No,3,7,6,7,19,3,2
1871,3,7,No,3,2,2,2,14,2,2
1873,2,19,No,4,5,2,0,20,4,2
1875,3,1,No,3,1,0,0,19,0,3
1876,3,1,No,3,1,0,0,13,0,3
1878,3,1,Yes,4,1,0,0,23,0,2
1880,2,10,Yes,3,10,9,1,13,7,4
1881,3,10,No,3,10,8,0,11,2,2
1882,3,9,Yes,3,5,3,1,13,0,3
1883,3,11,No,3,3,2,1,14,2,2
1885,3,16,Yes,4,5,3,0,22,4,2
1886,2,4,Yes,3,3,2,0,11,2,2
1888,2,10,No,3,9,8,3,13,8,2
1890,2,10,No,4,10,1,0,21,8,2
1892,3,22,No,3,19,7,11,11,16,3
1893,2,1,Yes,3,1,0,1,13,0,3
1898,4,9,No,3,8,7,0,14,7,5
1900,3,24,No,3,22,17,4,11,7,3
1903,4,10,No,3,2,0,2,15,2,5
1905,1,5,Yes,4,5,2,3,23,0,2
1907,3,5,No,3,4,2,1,16,0,3
1908,2,12,No,3,4,2,1,16,3,1
1909,3,14,No,4,5,4,1,21,4,3
1911,3,18,No,3,13,7,5,13,7,3
1912,3,8,Yes,3,5,2,1,11,4,2
1915,2,9,Yes,3,4,2,0,12,1,3
1916,4,4,No,3,2,2,2,12,2,0
1918,4,8,No,3,7,7,7,18,7,3
1922,3,12,No,3,4,2,0,12,3,3
1924,3,10,No,3,10,4,0,14,9,2
1927,2,7,Yes,3,7,7,0,12,7,2
1928,4,1,No,3,1,0,0,17,0,3
1929,1,10,No,3,3,2,1,19,2,1
1931,3,6,No,3,5,3,1,11,2,3
1932,2,16,Yes,3,15,10,6,15,11,3
1933,3,6,Yes,3,2,0,2,11,2,0
1934,3,16,No,3,8,7,1,18,7,4
1935,2,6,No,3,0,0,0,16,0,3
1936,3,10,No,4,10,0,7,25,9,3
1937,2,20,Yes,3,20,11,0,16,7,3
1938,3,29,Yes,3,1,0,0,13,0,2
1939,4,8,Yes,3,4,1,0,14,3,2
1940,3,10,No,3,5,2,0,19,3,0
1941,3,28,No,3,5,4,4,15,3,3
1943,3,14,Yes,3,0,0,0,12,0,4
1944,2,1,No,3,1,0,0,12,0,2
1945,3,6,No,3,5,3,0,16,4,2
1947,3,5,No,3,5,3,1,14,4,3
1948,3,4,Yes,3,4,2,2,13,3,3
1949,4,5,No,4,5,4,0,22,2,3
1950,3,14,No,4,14,8,2,21,1,3
1951,3,9,No,3,8,7,1,18,1,2
1952,3,8,No,3,7,7,7,13,6,6
1954,3,6,No,3,5,3,0,12,2,5
1955,3,9,No,3,5,1,1,18,2,6
1956,1,10,No,4,10,8,8,21,7,6
1960,2,6,No,3,4,1,0,12,3,2
1961,2,20,No,3,1,0,0,14,0,3
1962,3,10,Yes,3,10,8,0,11,9,2
1965,3,7,No,3,7,7,0,14,7,5
1966,2,8,No,4,1,0,0,24,0,1
1967,3,10,Yes,3,10,7,0,11,8,4
1968,3,15,Yes,3,2,2,2,13,2,2
1969,3,9,No,3,4,3,2,11,3,6
1970,3,9,No,4,9,7,2,20,8,2
1971,3,10,No,3,10,9,0,17,9,1
1972,3,7,Yes,3,6,2,1,11,2,2
1973,4,35,Yes,3,10,9,1,18,4,0
1974,1,1,Yes,3,1,0,0,11,0,4
1975,3,21,No,3,20,8,11,12,10,3
1976,2,20,No,3,20,9,3,12,7,2
1979,3,13,No,4,11,7,4,20,8,2
1980,3,9,Yes,3,5,2,1,19,4,3
1981,2,4,No,3,4,3,1,12,2,2
1982,3,5,No,3,5,2,1,13,4,6
1985,3,10,No,3,10,9,9,11,4,2
1986,3,15,No,3,11,8,5,14,10,4
1987,3,6,No,3,2,0,1,14,2,3
1989,3,12,No,3,12,8,1,13,7,6
1992,3,7,Yes,3,2,2,0,19,2,2
1993,3,25,No,4,17,14,12,23,11,3
1994,2,1,No,3,1,1,0,12,0,2
1995,3,16,No,3,15,13,5,15,8,3
1996,3,3,No,3,2,2,1,19,2,1
1997,2,10,No,3,8,3,7,11,7,1
1998,3,9,Yes,3,4,3,1,17,2,3
1999,3,12,No,4,5,3,1,22,0,3
2000,3,14,No,3,13,8,5,18,12,3
2003,3,5,Yes,3,2,2,2,11,2,3
2007,3,4,No,3,3,2,1,12,2,2
2008,3,10,No,3,10,7,0,19,8,5
2009,3,10,Yes,3,9,7,8,13,1,6
2010,2,6,No,3,6,2,4,13,1,3
2012,3,8,No,3,1,0,0,19,0,3
2013,2,3,No,3,2,2,2,14,2,2
2014,3,18,No,3,7,7,1,13,7,2
2015,1,20,No,3,18,16,1,12,11,3
2016,3,14,No,3,14,10,5,19,7,3
2017,4,16,Yes,4,16,11,6,25,8,2
2018,3,6,Yes,4,5,3,0,22,4,3
2019,3,16,No,3,9,8,0,15,0,3
2020,3,6,Yes,3,4,3,1,12,2,2
2021,3,2,Yes,3,2,2,1,11,2,6
2022,3,21,No,3,6,0,1,13,3,3
2023,3,1,No,3,1,0,1,19,0,3
2024,2,10,No,3,9,7,3,19,4,2
2025,3,18,No,3,4,2,0,13,2,3
2026,3,13,No,4,13,12,1,21,9,2
2027,3,4,Yes,3,2,2,2,14,2,3
2031,3,24,No,3,22,6,4,11,14,2
2032,3,14,No,3,10,9,9,11,8,4
2034,2,21,No,4,20,7,0,23,10,3
2035,2,8,No,4,8,7,1,21,7,2
2036,1,15,No,4,15,12,11,24,11,4
2037,2,14,No,3,5,4,0,11,4,5
2038,3,4,No,3,4,2,1,14,2,4
2040,3,9,Yes,3,9,0,1,16,7,2
2041,3,10,No,3,10,7,1,11,9,1
2044,3,12,No,3,6,3,0,12,1,3
2045,2,8,No,3,6,3,0,13,0,2
2046,3,8,No,3,5,3,0,15,1,3
2048,2,8,No,3,2,2,2,14,2,2
2049,3,10,Yes,3,10,2,0,14,2,2
2051,3,20,No,3,5,3,0,14,2,2
2052,1,4,No,3,4,3,1,12,1,5
2053,2,10,Yes,3,4,3,0,13,3,2
2054,2,5,No,3,5,4,0,14,4,3
2055,2,20,Yes,3,3,2,2,13,0,3
2056,2,21,No,3,20,9,9,11,6,2
2057,3,10,No,3,9,4,1,19,7,2
2060,2,5,No,3,4,2,0,18,0,2
2061,4,17,No,3,5,2,0,17,3,3
2062,2,9,No,3,7,7,1,15,7,5
2064,4,6,Yes,4,6,2,0,20,3,0
2065,2,17,No,3,9,6,0,14,8,3
2068,4,6,No,3,4,3,1,12,2,3
